summary;type;component;epic;assignee;storyPoints;versions;fixVersions;backendSubTasks;frontendSubTasks;requirementSubTasks;stdTestsSubTasks;automationSubTasks;labels
GDP-STD-0102 - USER MANAGEMENT SERVICE IS INTEGRATED WITH AUTHENTICATION SERVICES USING LDAP;Story;;;;;;;FALSE;FALSE;FALSE;FALSE;FALSE;user_manager,test_execution
GDP-STD-0103 - USER INFORMATION;Story;;;;;;;FALSE;FALSE;FALSE;FALSE;FALSE;user_manager,test_execution
GDP-STD-0108 - ROLES INFORMATION;Story;;;;;;;FALSE;FALSE;FALSE;FALSE;FALSE;user_manager,test_execution
GDP-STD-0113 - ROLE CONTAINING ANOTHER ROLES;Story;;;;;;;FALSE;FALSE;FALSE;FALSE;FALSE;user_manager,test_execution
GDP-STD-0114 - ROLE CONTAINING ONLY SCOPES;Story;;;;;;;FALSE;FALSE;FALSE;FALSE;FALSE;user_manager,test_execution
GDP-STD-0115 - READ PERMISSIONS;Story;;;;;;;FALSE;FALSE;FALSE;FALSE;FALSE;user_manager,test_execution
GDP-STD-0119 - ASSOCIATION OF AN IMAGE AS AVATAR TO AN USER;Story;;;;;;;FALSE;FALSE;FALSE;FALSE;FALSE;user_manager,test_execution
GDP-STD-0120 - CREATE A NEW USER WITHOUT ROLES;Story;;;;;;;FALSE;FALSE;FALSE;FALSE;FALSE;user_manager,test_execution
GDP-STD-0121 - USERNAME CANNOT BE CHANGED IN THE UI;Story;;;;;;;FALSE;FALSE;FALSE;FALSE;FALSE;user_manager,test_execution
GDP-STD-0122 - UPDATE PASSWORD;Story;;;;;;;FALSE;FALSE;FALSE;FALSE;FALSE;user_manager,test_execution
GDP-STD-0123 - DIFFERENT USERS MUST HAVE DIFFERENT USER NAMES;Story;;;;;;;FALSE;FALSE;FALSE;FALSE;FALSE;user_manager,test_execution
GDP-STD-0124 - SEARCH FOR AN USER;Story;;;;;;;FALSE;FALSE;FALSE;FALSE;FALSE;user_manager,test_execution
GDP-STD-0126 - DIFFERENT ROLES MUST HAVE DIFFERENT NAMES;Story;;;;;;;FALSE;FALSE;FALSE;FALSE;FALSE;user_manager,test_execution
GDP-STD-0127 - SEARCH FOR A ROLE;Story;;;;;;;FALSE;FALSE;FALSE;FALSE;FALSE;user_manager,test_execution
GDP-STD-0129 - DELETE PERMISIONS (OAUTH SCOPES) FROM A ROLE;Story;;;;;;;FALSE;FALSE;FALSE;FALSE;FALSE;user_manager,test_execution
GDP-STD-0130 - DELETE THE IMAGE SET AS THE AVATAR OF AN USER;Story;;;;;;;FALSE;FALSE;FALSE;FALSE;FALSE;user_manager,test_execution
GDP-STD-0132 - CLEAR ALL ROLE INFORMATION FIELDS;Story;;;;;;;FALSE;FALSE;FALSE;FALSE;FALSE;user_manager,test_execution
GDP-STD-0134 - USER MANAGER APPLICATION OPENS THE ACCORDING TO THE LOCALE SET IN THE BROWSER;Story;;;;;;;FALSE;FALSE;FALSE;FALSE;FALSE;user_manager,test_execution
GDP-STD-0135 - DEFAULT LOCALE IS USED WHEN THE LOCALE SELECTED IN THE BROWSER IS NOT SUPPORTED;Story;;;;;;;FALSE;FALSE;FALSE;FALSE;FALSE;user_manager,test_execution
GDP-STD-0136 - USER MANAGER FRONT-END DOES NOT SHOW DATA WHE USER MANAGER BACK END IS STOPPED;Story;;;;;;;FALSE;FALSE;FALSE;FALSE;FALSE;user_manager,test_execution
GDP-STD-0137 - GDP APPLICATION DO NOT SHOW USER PHOTO WHEN USER MANAGER BACK-END IS STOPPED;Story;;;;;;;FALSE;FALSE;FALSE;FALSE;FALSE;user_manager,test_execution
GDP-STD-0138 - USER MANAGER DOES NOT UPDATE LDAP CONFIGURATION WHEN APPS MANAGER BACK-END IS STOPPED;Story;;;;;;;FALSE;FALSE;FALSE;FALSE;FALSE;user_manager,test_execution
GDP-STD-0141 - CLONE AN USER;Story;;;;;;;FALSE;FALSE;FALSE;FALSE;FALSE;user_manager,test_execution
GDP-STD-0142 - CLONE A ROLE;Story;;;;;;;FALSE;FALSE;FALSE;FALSE;FALSE;user_manager,test_execution
GDP-STD-0143 - CREATE AN USER VIA API;Story;;;;;;;FALSE;FALSE;FALSE;FALSE;FALSE;user_manager,test_execution
GDP-STD-0144 - CANNOT CREATE AN USER WITHOUT DATA VIA API;Story;;;;;;;FALSE;FALSE;FALSE;FALSE;FALSE;user_manager,test_execution
GDP-STD-0145 - CREATE AN USER WITH BLANK MANDATORY FIELDS VIA API;Story;;;;;;;FALSE;FALSE;FALSE;FALSE;FALSE;user_manager,test_execution
GDP-STD-0146 - MODIFY AN USER VIA API;Story;;;;;;;FALSE;FALSE;FALSE;FALSE;FALSE;user_manager,test_execution
GDP-STD-0147 - CREATE A ROLE VIA API;Story;;;;;;;FALSE;FALSE;FALSE;FALSE;FALSE;user_manager,test_execution
GDP-STD-0148 - CREATE A ROLE WITHOUT DATA VIA API;Story;;;;;;;FALSE;FALSE;FALSE;FALSE;FALSE;user_manager,test_execution
GDP-STD-0149 - CREATE A ROLE WITH BLANK MANDATORY FIELDS VIA API;Story;;;;;;;FALSE;FALSE;FALSE;FALSE;FALSE;user_manager,test_execution
GDP-STD-0150 - MODIFY A ROLE VIA API;Story;;;;;;;FALSE;FALSE;FALSE;FALSE;FALSE;user_manager,test_execution
GDP-STD-0151 - CREATE A PERMISSION WITHOUT DATA VIA API;Story;;;;;;;FALSE;FALSE;FALSE;FALSE;FALSE;user_manager,test_execution
GDP-STD-0152 - CREATE A PERMISSION WITH BLANK MANDATORY FIELDS VIA API;Story;;;;;;;FALSE;FALSE;FALSE;FALSE;FALSE;user_manager,test_execution
GDP-STD-0153 - DEACTIVATE AN USER;Story;;;;;;;FALSE;FALSE;FALSE;FALSE;FALSE;user_manager,test_execution
GDP-STD-0154 - DEACTIVATING AN USER INVALIDATES CURRENT SESSIONS;Story;;;;;;;FALSE;FALSE;FALSE;FALSE;FALSE;user_manager,test_execution
GDP-STD-0155 - ACTIVATE AN USER;Story;;;;;;;FALSE;FALSE;FALSE;FALSE;FALSE;user_manager,test_execution
GDP-STD-0156 - UNLOCK AN USER;Story;;;;;;;FALSE;FALSE;FALSE;FALSE;FALSE;user_manager,test_execution
GDP-STD-0157 - USER MANAGER INITIAL CONTENT;Story;;;;;;;FALSE;FALSE;FALSE;FALSE;FALSE;user_manager,test_execution
GDP-STD-0158 - NAVIGATE ALL USER MANAGER APPLICATIONS AS AN ADMINISTRATOR;Story;;;;;;;FALSE;FALSE;FALSE;FALSE;FALSE;user_manager,test_execution
GDP-STD-0159 - NAVIGATE ALL USER MANAGER APPLICATIONS AS AN NON-ADMINISTRATOR;Story;;;;;;;FALSE;FALSE;FALSE;FALSE;FALSE;user_manager,test_execution
GDP-STD-0160 - DARK THEME ON POLICIES APPLICATION;Story;;;;;;;FALSE;FALSE;FALSE;FALSE;FALSE;user_manager,test_execution
GDP-STD-0161 - DARK THEME ON EXTERNAL IDP(S) APPLICATION;Story;;;;;;;FALSE;FALSE;FALSE;FALSE;FALSE;user_manager,test_execution
GDP-STD-0163 - MODIFY THE PASSWORD POLICY;Story;;;;;;;FALSE;FALSE;FALSE;FALSE;FALSE;user_manager,test_execution
GDP-STD-0164 - MODIFY THE ACCOUNT LOCK POLICY;Story;;;;;;;FALSE;FALSE;FALSE;FALSE;FALSE;user_manager,test_execution
GDP-STD-0165 - ACCOUNT LOCK POLICY: NUMBER OF ALLOWED FAILURES BEFORE ACCOUNT IS LOCKED;Story;;;;;;;FALSE;FALSE;FALSE;FALSE;FALSE;user_manager,test_execution
GDP-STD-0166 - ACCOUNT LOCK POLICY: NUMBER OF SECONDS TO LOCK OUT AN ACCOUNT WHEN <LOCKOUT AFTER FAILURES> FAILURES IS EXCEEDED;Story;;;;;;;FALSE;FALSE;FALSE;FALSE;FALSE;user_manager,test_execution
GDP-STD-0167 - ACCOUNT LOCK POLICY: NUMBER OF SECONDS IN WHICH <LOCKOUT AFTER FAILURES> FAILURES MUST OCCUR IN ORDER FOR ACCOUNT TO BE LOCKED;Story;;;;;;;FALSE;FALSE;FALSE;FALSE;FALSE;user_manager,test_execution
GDP-STD-0168 - PASSWORD POLICY: NUMBER OF MONTHS AFTER WHICH CURRENT PASSWORD EXPIRES;Story;;;;;;;FALSE;FALSE;FALSE;FALSE;FALSE;user_manager,test_execution
GDP-STD-0169 - CLEAR ALL POLICIES INFORMATION FIELDS;Story;;;;;;;FALSE;FALSE;FALSE;FALSE;FALSE;user_manager,test_execution
GDP-STD-0170 - CLEAR ALL EXTERNAL IDP(S) INFORMATION FIELDS;Story;;;;;;;FALSE;FALSE;FALSE;FALSE;FALSE;user_manager,test_execution
GDP-STD-0171 - UPDATE USER WITH A VALID PASSWORD;Story;;;;;;;FALSE;FALSE;FALSE;FALSE;FALSE;user_manager,test_execution
GDP-STD-0172 - UPDATE USER WITH AN INVALID PASSWORD;Story;;;;;;;FALSE;FALSE;FALSE;FALSE;FALSE;user_manager,test_execution
GDP-STD-0173 - USER MANAGEMENT SERVICE IS INTEGRATED WITH AUTHENTICATION SERVICES USING LDAPS;Story;;;;;;;FALSE;FALSE;FALSE;FALSE;FALSE;user_manager,test_execution
GDP-STD-0174 - ADDING ROLES TO A LDAPS USER;Story;;;;;;;FALSE;FALSE;FALSE;FALSE;FALSE;user_manager,test_execution
GDP-STD-0175 - DIFFERENT USERS MUST HAVE DIFFERENT EMAILS;Story;;;;;;;FALSE;FALSE;FALSE;FALSE;FALSE;user_manager,test_execution
"GDP-STD-0176 - CREATE A USER WITH THE CHARACTER "" IN USERNAME";Story;;;;;;;FALSE;FALSE;FALSE;FALSE;FALSE;user_manager,test_execution
GDP-STD-0177 - CREATE A USER WITHOUT PASSWORD;Story;;;;;;;FALSE;FALSE;FALSE;FALSE;FALSE;user_manager,test_execution
GDP-STD-0178 - CREATE A NEW USER WITHOUT FAMILY NAME;Story;;;;;;;FALSE;FALSE;FALSE;FALSE;FALSE;user_manager,test_execution
GDP-STD-0179 - CREATE A NEW ROLE WITHOUT OPTIONAL INFORMATION;Story;;;;;;;FALSE;FALSE;FALSE;FALSE;FALSE;user_manager,test_execution
GDP-STD-0180 - LIST EXISTING PERMISSIONS;Story;;;;;;;FALSE;FALSE;FALSE;FALSE;FALSE;user_manager,test_execution
GDP-STD-0181 - DELETE A USER VIA API;Story;;;;;;;FALSE;FALSE;FALSE;FALSE;FALSE;user_manager,test_execution
GDP-STD-0182 - DELETE A ROLE VIA API;Story;;;;;;;FALSE;FALSE;FALSE;FALSE;FALSE;user_manager,test_execution
GDP-STD-1101 - LIST ALL DEPLOYED APPLICATIONS;Story;;;;;;;FALSE;FALSE;FALSE;FALSE;FALSE;system_settings,test_execution
GDP-STD-1104 - VIEW SNAPSHOTS AND THEIR FIELDS;Story;;;;;;;FALSE;FALSE;FALSE;FALSE;FALSE;system_settings,test_execution
GDP-STD-1105 - ACTIVATE A SNAPSHOT;Story;;;;;;;FALSE;FALSE;FALSE;FALSE;FALSE;system_settings,test_execution
GDP-STD-1106 - REACTIVATE A SNAPSHOT;Story;;;;;;;FALSE;FALSE;FALSE;FALSE;FALSE;system_settings,test_execution
GDP-STD-1107 - DISCARD A SNAPSHOT;Story;;;;;;;FALSE;FALSE;FALSE;FALSE;FALSE;system_settings,test_execution
GDP-STD-1108 - SYSTEM SETTINGS ENTRIES SUPPORT INTERNALIZATION;Story;;;;;;;FALSE;FALSE;FALSE;FALSE;FALSE;system_settings,test_execution
GDP-STD-1109 - SYSTEM SETTINGS APPLICATION LOGS - CHANGES AND ACTIVATION;Story;;;;;;;FALSE;FALSE;FALSE;FALSE;FALSE;system_settings,test_execution
GDP-STD-1110 - SYSTEM SETTINGS APPLICATION LOGS - REACTIVATION;Story;;;;;;;FALSE;FALSE;FALSE;FALSE;FALSE;system_settings,test_execution
GDP-STD-1111 - INTEGER TYPE PARAMETER;Story;;;;;;;FALSE;FALSE;FALSE;FALSE;FALSE;system_settings,test_execution
GDP-STD-1112 - FLOAT TYPE PARAMETER;Story;;;;;;;FALSE;FALSE;FALSE;FALSE;FALSE;system_settings,test_execution
GDP-STD-1113 - BOOLEAN TYPE PARAMETER;Story;;;;;;;FALSE;FALSE;FALSE;FALSE;FALSE;system_settings,test_execution
GDP-STD-1114 - DATE TYPE PARAMETER;Story;;;;;;;FALSE;FALSE;FALSE;FALSE;FALSE;system_settings,test_execution
GDP-STD-1115 - STRING TYPE PARAMETER;Story;;;;;;;FALSE;FALSE;FALSE;FALSE;FALSE;system_settings,test_execution
GDP-STD-1116 - LIST OF STRINGS TYPE PARAMETER;Story;;;;;;;FALSE;FALSE;FALSE;FALSE;FALSE;system_settings,test_execution
GDP-STD-1117 - MAP OF STRINGS (KEYS AND VALUES) TYPE PARAMETER;Story;;;;;;;FALSE;FALSE;FALSE;FALSE;FALSE;system_settings,test_execution
GDP-STD-1118 - USER CANNOT CHANGE THE VALUE OF PARAMETER ABOVE THE MAXIMUM VALUE - INTEGER;Story;;;;;;;FALSE;FALSE;FALSE;FALSE;FALSE;system_settings,test_execution
GDP-STD-1119 - USER CANNOT CHANGE THE VALUE OF PARAMETER BELOW THE MINIMUM VALUE - INTEGER;Story;;;;;;;FALSE;FALSE;FALSE;FALSE;FALSE;system_settings,test_execution
GDP-STD-1120 - USER CANNOT CHANGE THE VALUE OF PARAMETER ABOVE THE MAXIMUM VALUE - FLOAT;Story;;;;;;;FALSE;FALSE;FALSE;FALSE;FALSE;system_settings,test_execution
GDP-STD-1121 - USER CANNOT CHANGE THE VALUE OF PARAMETER BELOW THE MINIMUM VALUE - FLOAT;Story;;;;;;;FALSE;FALSE;FALSE;FALSE;FALSE;system_settings,test_execution
GDP-STD-1122 - USER CANNOT CHANGE THE VALUE OF PARAMETER ABOVE THE MAXIMUM VALUE - DATE;Story;;;;;;;FALSE;FALSE;FALSE;FALSE;FALSE;system_settings,test_execution
GDP-STD-1123 - USER CANNOT CHANGE THE VALUE OF PARAMETER BELOW THE MINIMUM VALUE - DATE;Story;;;;;;;FALSE;FALSE;FALSE;FALSE;FALSE;system_settings,test_execution
GDP-STD-1124 - USER CANNOT CHANGE THE VALUE OF PARAMETER THAT DOES NOT RESPECT THE REGEX PATTERN - STRING;Story;;;;;;;FALSE;FALSE;FALSE;FALSE;FALSE;system_settings,test_execution
GDP-STD-1125 - USER CANNOT CHANGE THE VALUE OF PARAMETER THAT IS NOT IN THE ALLOWED SET OF VALUES - LIST OF STRINGS;Story;;;;;;;FALSE;FALSE;FALSE;FALSE;FALSE;system_settings,test_execution
GDP-STD-1126 - USER CANNOT CHANGE THE VALUE OF PARAMETER THAT DOES NOT RESPECT THE REGEX PATTERN - MAP OF STRINGS;Story;;;;;;;FALSE;FALSE;FALSE;FALSE;FALSE;system_settings,test_execution
GDP-STD-1128 - SEARCH FOR A DEPLOYED APPLICATION;Story;;;;;;;FALSE;FALSE;FALSE;FALSE;FALSE;system_settings,test_execution
GDP-STD-1129 - SEARCH FOR A PARAMETER;Story;;;;;;;FALSE;FALSE;FALSE;FALSE;FALSE;system_settings,test_execution
GDP-STD-1130 - SEARCH FOR A SNAPSHOT;Story;;;;;;;FALSE;FALSE;FALSE;FALSE;FALSE;system_settings,test_execution
GDP-STD-1131 - GDP  SYSTEM SETTINGS APPLICATION OPENS THE ACCORDING TO THE LOCALE SET IN THE BROWSER;Story;;;;;;;FALSE;FALSE;FALSE;FALSE;FALSE;system_settings,test_execution
GDP-STD-1132 - DEFAULT LOCALE IS USED  WHEN THE LOCALE SELECTED IN THE BROWSER IS NOT SUPPORTED;Story;;;;;;;FALSE;FALSE;FALSE;FALSE;FALSE;system_settings,test_execution
GDP-STD-1133 - SYSTEM SETTINGS FRONT-END DOES NOT SHOW DATA WHEN PARAMETER MANAGER BACK-END IS STOPPED;Story;;;;;;;FALSE;FALSE;FALSE;FALSE;FALSE;system_settings,test_execution
GDP-STD-1134 - SYSTEM SETTINGS FRONT-END DOES NOT SHOW DATA WHEN SYSTEM SETTINGS BACK-END IS STOPPED;Story;;;;;;;FALSE;FALSE;FALSE;FALSE;FALSE;system_settings,test_execution
GDP-STD-1135 - ON THE SAME PARAMETER GROUP, DIFFERENT PARAMETERS MUST HAVE A DIFFERENT NAME;Story;;;;;;;FALSE;FALSE;FALSE;FALSE;FALSE;system_settings,test_execution
GDP-STD-1136 - CREATE A PARAMETER;Story;;;;;;;FALSE;FALSE;FALSE;FALSE;FALSE;system_settings,test_execution
GDP-STD-1137 - CREATE A PARAMETER GROUP;Story;;;;;;;FALSE;FALSE;FALSE;FALSE;FALSE;system_settings,test_execution
GDP-STD-1138 - MODIFY A PARAMETER GROUP;Story;;;;;;;FALSE;FALSE;FALSE;FALSE;FALSE;system_settings,test_execution
GDP-STD-1139 - DELETE A PARAMETER GROUP;Story;;;;;;;FALSE;FALSE;FALSE;FALSE;FALSE;system_settings,test_execution
GDP-STD-1140 - CREATE A PARAMETER GROUP SET;Story;;;;;;;FALSE;FALSE;FALSE;FALSE;FALSE;system_settings,test_execution
GDP-STD-1141 - MODIFY A PARAMETER GROUP SET;Story;;;;;;;FALSE;FALSE;FALSE;FALSE;FALSE;system_settings,test_execution
GDP-STD-1142 - LIST ALL PARAMETER GROUP SETS;Story;;;;;;;FALSE;FALSE;FALSE;FALSE;FALSE;system_settings,test_execution
GDP-STD-1143 - LIST ALL PARAMETER GROUPS;Story;;;;;;;FALSE;FALSE;FALSE;FALSE;FALSE;system_settings,test_execution
GDP-STD-1144 - LIST ALL PARAMETER;Story;;;;;;;FALSE;FALSE;FALSE;FALSE;FALSE;system_settings,test_execution
GDP-STD-1145 - DELETE A PARAMETER;Story;;;;;;;FALSE;FALSE;FALSE;FALSE;FALSE;system_settings,test_execution
GDP-STD-1147 - DARK THEME ON HISTORY TAB;Story;;;;;;;FALSE;FALSE;FALSE;FALSE;FALSE;system_settings,test_execution
GDP-STD-1148 - ON THE SAME PARAMETER GROUP SET, DIFFERENT PARAMETER GROUPS MUST HAVE A DIFFERENT NAME;Story;;;;;;;FALSE;FALSE;FALSE;FALSE;FALSE;system_settings,test_execution
GDP-STD-1152 - USER WITHOUT ADMINISTRATOR PERMISSIONS CANNOT MODIFY A PARAMETER;Story;;;;;;;FALSE;FALSE;FALSE;FALSE;FALSE;system_settings,test_execution
GDP-STD-1153 - STRING LIST PARAMETER;Story;;;;;;;FALSE;FALSE;FALSE;FALSE;FALSE;system_settings,test_execution
GDP-STD-1154 - REJECT MOTIFIDED PARAMETERS WHEN VALIDATION FAILS;Story;;;;;;;FALSE;FALSE;FALSE;FALSE;FALSE;system_settings,test_execution
GDP-STD-1155 - REJECT A PARAMETER CONFIGURATION ACTIVATION WHEN VALIDATION FAILS;Story;;;;;;;FALSE;FALSE;FALSE;FALSE;FALSE;system_settings,test_execution
GDP-STD-1156 - CANNOT REACTIVATE A SNAPSHOT;Story;;;;;;;FALSE;FALSE;FALSE;FALSE;FALSE;system_settings,test_execution
GDP-STD-1206 - DELETE AN OPENED DASHBOARD;Story;;;;;;;FALSE;FALSE;FALSE;FALSE;FALSE;toolkit,test_execution
GDP-STD-1207 - CLONE AN OPENED DASHBOARD;Story;;;;;;;FALSE;FALSE;FALSE;FALSE;FALSE;toolkit,test_execution
GDP-STD-1210 - HEADER INFORMATION;Story;;;;;;;FALSE;FALSE;FALSE;FALSE;FALSE;toolkit,test_execution
GDP-STD-1211 - FOOTER INFORMATION;Story;;;;;;;FALSE;FALSE;FALSE;FALSE;FALSE;toolkit,test_execution
GDP-STD-1212 - PENDING NOTIFICATIONS;Story;;;;;;;FALSE;FALSE;FALSE;FALSE;FALSE;toolkit,test_execution
GDP-STD-1213 - FILTER NOTIFICATIONS;Story;;;;;;;FALSE;FALSE;FALSE;FALSE;FALSE;toolkit,test_execution
GDP-STD-1214 - CREATE NOTIFICATIONS;Story;;;;;;;FALSE;FALSE;FALSE;FALSE;FALSE;toolkit,test_execution
GDP-STD-1215 - LOCK/UNLOCK A DASHBOARD;Story;;;;;;;FALSE;FALSE;FALSE;FALSE;FALSE;toolkit,test_execution
GDP-STD-1217 - SPOTLIGHT;Story;;;;;;;FALSE;FALSE;FALSE;FALSE;FALSE;toolkit,test_execution
GDP-STD-1218 - GLOBAL SEARCH;Story;;;;;;;FALSE;FALSE;FALSE;FALSE;FALSE;toolkit,test_execution
GDP-STD-1219 - MODIFY THEME IN WIDGET;Story;;;;;;;FALSE;FALSE;FALSE;FALSE;FALSE;toolkit,test_execution
GDP-STD-1220 - LIST WIDGETS;Story;;;;;;;FALSE;FALSE;FALSE;FALSE;FALSE;toolkit,test_execution
GDP-STD-1221 - SEARCH FOR A WIDGET;Story;;;;;;;FALSE;FALSE;FALSE;FALSE;FALSE;toolkit,test_execution
GDP-STD-1222 - CANNOT UNLOCK A WIDGET IN A LOCKED DASHBOARD;Story;;;;;;;FALSE;FALSE;FALSE;FALSE;FALSE;toolkit,test_execution
GDP-STD-1223 - MODIFY LANGUAGE;Story;;;;;;;FALSE;FALSE;FALSE;FALSE;FALSE;toolkit,test_execution
GDP-STD-1224 - MODIFY THEME;Story;;;;;;;FALSE;FALSE;FALSE;FALSE;FALSE;toolkit,test_execution
GDP-STD-1225 - GDP UI PAGES SUPPORT RTL;Story;;;;;;;FALSE;FALSE;FALSE;FALSE;FALSE;toolkit,test_execution
GDP-STD-1226 - UI TOOLKIT IS RESPONSIVE AND ADAPTS TO EACH TYPE OF DEVICE SCREEN;Story;;;;;;;FALSE;FALSE;FALSE;FALSE;FALSE;toolkit,test_execution
GDP-STD-1227 - CUSTOM HEADER AND FOOTER ACTIONS/WIDGETS;Story;;;;;;;FALSE;FALSE;FALSE;FALSE;FALSE;toolkit,test_execution
GDP-STD-1228 - TRIGGER ACTIONS FROM NOTIFICATIONS;Story;;;;;;;FALSE;FALSE;FALSE;FALSE;FALSE;toolkit,test_execution
GDP-STD-1229 - CHECK IF THE CLOCK IS AVAILABLE ON THE GDP UI TOOLKIT;Story;;;;;;;FALSE;FALSE;FALSE;FALSE;FALSE;toolkit,test_execution
GDP-STD-1230 - CHECK IF THE UI TOOLKIT IS ABLE TO PROVIDE A GENERIC GRID COMPONENT;Story;;;;;;;FALSE;FALSE;FALSE;FALSE;FALSE;toolkit,test_execution
GDP-STD-1231 - CHECK IF THE GDP GEOGRAPHICAL VIEW COMPONENT IS AVAILABLE ON THE GDP UI TOOLKIT;Story;;;;;;;FALSE;FALSE;FALSE;FALSE;FALSE;toolkit,test_execution
GDP-STD-1233 - SAVE A DASHBOARD;Story;;;;;;;FALSE;FALSE;FALSE;FALSE;FALSE;toolkit,test_execution
GDP-STD-1234 - WIDGETS FLOAT AT THE TOP OF GRID LAYOUT;Story;;;;;;;FALSE;FALSE;FALSE;FALSE;FALSE;toolkit,test_execution
GDP-STD-1236 - WIDGET SUPPORT FOR RTL;Story;;;;;;;FALSE;FALSE;FALSE;FALSE;FALSE;toolkit,test_execution
GDP-STD-1237 - MODIFY LANGUAGE IN WIDGET;Story;;;;;;;FALSE;FALSE;FALSE;FALSE;FALSE;toolkit,test_execution
GDP-STD-1239 - TOOLTIPS;Story;;;;;;;FALSE;FALSE;FALSE;FALSE;FALSE;toolkit,test_execution
GDP-STD-1240 - WIDGETS ADAPTS TO EACH TYPE OF DEVICE SCREEN;Story;;;;;;;FALSE;FALSE;FALSE;FALSE;FALSE;toolkit,test_execution
GDP-STD-1241 - ACTIVE WIDGET;Story;;;;;;;FALSE;FALSE;FALSE;FALSE;FALSE;toolkit,test_execution
GDP-STD-1242 - OPEN MULTIPLE INSTNACES OF A WIDGET;Story;;;;;;;FALSE;FALSE;FALSE;FALSE;FALSE;toolkit,test_execution
GDP-STD-1243 - USER CANNOT OPEN MULTIPLE INSTANCES OF A WIDGET;Story;;;;;;;FALSE;FALSE;FALSE;FALSE;FALSE;toolkit,test_execution
GDP-STD-1244 - SEAMLESS ZOOM  FUNCTION;Story;;;;;;;FALSE;FALSE;FALSE;FALSE;FALSE;toolkit,test_execution
GDP-STD-1245 - USER OPENS A WIDGET PROGRAMATICALLY WITH USER DEFINED PROPERTIES;Story;;;;;;;FALSE;FALSE;FALSE;FALSE;FALSE;toolkit,test_execution
GDP-STD-1246 - USER OPENS A WIDGET PROGRAMATICALLY WITH DEFAULT PROPERTIES;Story;;;;;;;FALSE;FALSE;FALSE;FALSE;FALSE;toolkit,test_execution
GDP-STD-1250 - ACTIVE DASHBOARD;Story;;;;;;;FALSE;FALSE;FALSE;FALSE;FALSE;toolkit,test_execution
GDP-STD-1252 - REVERT CHANGES MADE TO A DASHBOARD;Story;;;;;;;FALSE;FALSE;FALSE;FALSE;FALSE;toolkit,test_execution
GDP-STD-1253 - A DASHBOARD MANAGER USER CAN CREATE A PUBLIC DASHBOARD;Story;;;;;;;FALSE;FALSE;FALSE;FALSE;FALSE;toolkit,test_execution
GDP-STD-1254 - A DASHBOARD MANAGER USER CAN CREATE A SHARED DASHBOARD;Story;;;;;;;FALSE;FALSE;FALSE;FALSE;FALSE;toolkit,test_execution
GDP-STD-1256 - UI TOOLKIT USER CAN CREATE AN UNFAVOURITE DAHSBOARD;Story;;;;;;;FALSE;FALSE;FALSE;FALSE;FALSE;toolkit,test_execution
GDP-STD-1257 - DIFFERENT DASHBOARDS MUST HAVE DIFERRENT NAMES;Story;;;;;;;FALSE;FALSE;FALSE;FALSE;FALSE;toolkit,test_execution
GDP-STD-1258 - CATEGORIES ARE DISPLAYED ACCORDING TO USER PERMISSIONS;Story;;;;;;;FALSE;FALSE;FALSE;FALSE;FALSE;toolkit,test_execution
GDP-STD-1259 - MODIFY DASHBOARD ICON;Story;;;;;;;FALSE;FALSE;FALSE;FALSE;FALSE;toolkit,test_execution
GDP-STD-1260 - OWNER CAN MODIFY A PRIVATE DASHBOARD;Story;;;;;;;FALSE;FALSE;FALSE;FALSE;FALSE;toolkit,test_execution
GDP-STD-1261 - OWNER CAN MODIFY A SHARED DASHBOARD;Story;;;;;;;FALSE;FALSE;FALSE;FALSE;FALSE;toolkit,test_execution
GDP-STD-1262 - OWNER CAN DELETE A PRIVATE DASHBOARD;Story;;;;;;;FALSE;FALSE;FALSE;FALSE;FALSE;toolkit,test_execution
GDP-STD-1263 - OWNER CAN DELETE A SHARED DASHBOARD;Story;;;;;;;FALSE;FALSE;FALSE;FALSE;FALSE;toolkit,test_execution
GDP-STD-1264 - USER CANNOT DELETE A SHARED DASHNOARD CREATED BY ANOTHER USER;Story;;;;;;;FALSE;FALSE;FALSE;FALSE;FALSE;toolkit,test_execution
GDP-STD-1265 - USER CANNOT MODIFY A SHARED DASHNOARD CREATED BY ANOTHER USER;Story;;;;;;;FALSE;FALSE;FALSE;FALSE;FALSE;toolkit,test_execution
GDP-STD-1266 - OWNER CAN CLONE A DASHBOARD;Story;;;;;;;FALSE;FALSE;FALSE;FALSE;FALSE;toolkit,test_execution
GDP-STD-1267 - USER CAN CLONE A SHARED DASHBOARD;Story;;;;;;;FALSE;FALSE;FALSE;FALSE;FALSE;toolkit,test_execution
GDP-STD-1268 - CHANGES TO A SHARED PANEL ARE ONLY APPLICABLE WHEN THE USER REOPENS IT;Story;;;;;;;FALSE;FALSE;FALSE;FALSE;FALSE;toolkit,test_execution
GDP-STD-1541 - SEARCH FOR ANY PARAMETER OF THE DASHBOARD LIST;Story;;;;;;;FALSE;FALSE;FALSE;FALSE;FALSE;dashboard_manager,test_execution
GDP-STD-1542 - DASHBOARD ALLOWS THE USER TO FILTER ANY PARAMETER;Story;;;;;;;FALSE;FALSE;FALSE;FALSE;FALSE;dashboard_manager,test_execution
GDP-STD-1543 - DASHBOARD MANAGER ALLOWS THE USER TO SORT ANY PARAMETER;Story;;;;;;;FALSE;FALSE;FALSE;FALSE;FALSE;dashboard_manager,test_execution
GDP-STD-1544 - LIST FAVORITES DASHBOARDS ;Story;;;;;;;FALSE;FALSE;FALSE;FALSE;FALSE;dashboard_manager,test_execution
GDP-STD-1545 - DASHBOARD MANAGER APPLICATION LOGS -  THE CREATE, UPDATE, CLONE AND DELETE OPERATIONS;Story;;;;;;;FALSE;FALSE;FALSE;FALSE;FALSE;dashboard_manager,test_execution
GDP-STD-1547 - CREATE A DASHBOARD - DEFINE THE LOCATION AND SIZE THE WIDGET  ;Story;;;;;;;FALSE;FALSE;FALSE;FALSE;FALSE;dashboard_manager,test_execution
GDP-STD-1565 - DEFAULT LOCALE IS USED WHEN THE LOCALE SELECTED IN THE BROWSER IS NOT SUPPORTED ;Story;;;;;;;FALSE;FALSE;FALSE;FALSE;FALSE;dashboard_manager,test_execution
GDP-STD-1567 - MODIFY A CATEGORY IN SYSTEM SETTINGS VIA API;Story;;;;;;;FALSE;FALSE;FALSE;FALSE;FALSE;dashboard_manager,test_execution
GDP-STD-1803 - CANNOT MODIFY A POLICY SET's NAME TO AN EXISTING NAME VIA API;Story;;;;;;;FALSE;FALSE;FALSE;FALSE;FALSE;policy_manager,test_execution
GDP-STD-1807 - DELETE A POLICY SET VIA API;Story;;;;;;;FALSE;FALSE;FALSE;FALSE;FALSE;policy_manager,test_execution
GDP-STD-1809 - MODIFY A POLICY VIA API;Story;;;;;;;FALSE;FALSE;FALSE;FALSE;FALSE;policy_manager,test_execution
GDP-STD-1810 - DELETE A POLICY VIA API;Story;;;;;;;FALSE;FALSE;FALSE;FALSE;FALSE;policy_manager,test_execution
GDP-STD-1812 - MODIFY A CONTROL LIST VIA API;Story;;;;;;;FALSE;FALSE;FALSE;FALSE;FALSE;policy_manager,test_execution
GDP-STD-1813 - DELETE AN ACCESS CONTROL LIST VIA API;Story;;;;;;;FALSE;FALSE;FALSE;FALSE;FALSE;policy_manager,test_execution
GDP-STD-1816 - CANNOT CREATE A POLICY SET WITHOUT THE REQUIRED DATA VIA API;Story;;;;;;;FALSE;FALSE;FALSE;FALSE;FALSE;policy_manager,test_execution
GDP-STD-1817 - FOR DIFFERENT SPACES, POLICIY SETS CAN HAVE THE SAME APPLICATION NAME ;Story;;;;;;;FALSE;FALSE;FALSE;FALSE;FALSE;policy_manager,test_execution
GDP-STD-1818 - FOR THE SAME SPACE AND APPLICATION, DIFFERENT POLICES MUST HAVE DIFFERENT NAMES VIA API;Story;;;;;;;FALSE;FALSE;FALSE;FALSE;FALSE;policy_manager,test_execution
GDP-STD-1821 - FOR A GIVEN SPACE/APPLICATION, A POLICY NAME CANNOT BE CHANGED TO A NAME THAT ALREADY EXISTS;Story;;;;;;;FALSE;FALSE;FALSE;FALSE;FALSE;policy_manager,test_execution
GDP-STD-1822 - POLICY IS AUTOMATICALLY ASSOCIATED TO THE POLICY SET;Story;;;;;;;FALSE;FALSE;FALSE;FALSE;FALSE;policy_manager,test_execution
GDP-STD-1823 - CANNOT CREATE A POLICY FOR A NON-EXISTENT POLICY SET;Story;;;;;;;FALSE;FALSE;FALSE;FALSE;FALSE;policy_manager,test_execution
GDP-STD-1824 - ADD AN ACCESS CONTROL LIST TO A POLICY VIA API;Story;;;;;;;FALSE;FALSE;FALSE;FALSE;FALSE;policy_manager,test_execution
GDP-STD-1825 - REMOVE AN ACCESS CONTROL LIST FROM A POLICY VIA API;Story;;;;;;;FALSE;FALSE;FALSE;FALSE;FALSE;policy_manager,test_execution
GDP-STD-1826 - DIFFERENT ACCESS CONTROL LISTS MUST HAVE DIFFERENT NAMES ;Story;;;;;;;FALSE;FALSE;FALSE;FALSE;FALSE;policy_manager,test_execution
GDP-STD-1827 - CANNOT CREATE AN ACCESS CONTROL LIST WITHOUT THE REQUIRED DATA;Story;;;;;;;FALSE;FALSE;FALSE;FALSE;FALSE;policy_manager,test_execution
GDP-STD-1829 - LIST POLICIES VIA API;Story;;;;;;;FALSE;FALSE;FALSE;FALSE;FALSE;policy_manager,test_execution
GDP-STD-1832 - CANNOT IMPORT AN ACCESS CONTROL LIST FROM AN INVALID FILE;Story;;;;;;;FALSE;FALSE;FALSE;FALSE;FALSE;policy_manager,test_execution
GDP-STD-1834 - CANNOT IMPORT AN ACCESS CONTROL LIST WITH MORE THAN 16 COLUMNS;Story;;;;;;;FALSE;FALSE;FALSE;FALSE;FALSE;policy_manager,test_execution
GDP-STD-1835 - CANNOT UPDATE AN ACCESS CONTROL LIST TO AN EXISTING NAME VIA API;Story;;;;;;;FALSE;FALSE;FALSE;FALSE;FALSE;policy_manager,test_execution
GDP-STD-1836 - CANNOT DELETE AN ACCESS CONTROL LIST BELONGING TO A POLICY;Story;;;;;;;FALSE;FALSE;FALSE;FALSE;FALSE;policy_manager,test_execution
GDP-STD-1839 - NAVIGATE TO GDP CAD URL AND CLICK ON POLICY MANAGER;Story;;;;;;;FALSE;FALSE;FALSE;FALSE;FALSE;policy_manager,test_execution
GDP-STD-1841 - FILTER POLICY SETS BY NAMESPACE;Story;;;;;;;FALSE;FALSE;FALSE;FALSE;FALSE;policy_manager,test_execution
GDP-STD-1842 - FILTER POLICY SETS BY APPLICATION;Story;;;;;;;FALSE;FALSE;FALSE;FALSE;FALSE;policy_manager,test_execution
GDP-STD-1843 - FILTER POLICY SETS BY APPLICATION AND NAMESPACE;Story;;;;;;;FALSE;FALSE;FALSE;FALSE;FALSE;policy_manager,test_execution
GDP-STD-1844 - SEARCH FOR A POLICY SET;Story;;;;;;;FALSE;FALSE;FALSE;FALSE;FALSE;policy_manager,test_execution
GDP-STD-1846 - ACL INFORMATION (SAMPLE);Story;;;;;;;FALSE;FALSE;FALSE;FALSE;FALSE;policy_manager,test_execution
GDP-STD-1847 - SEARCH FOR AN ACCESS CONTROL LIST (ACL);Story;;;;;;;FALSE;FALSE;FALSE;FALSE;FALSE;policy_manager,test_execution
GDP-STD-1848 - EXPORT ACL TO A CSV;Story;;;;;;;FALSE;FALSE;FALSE;FALSE;FALSE;policy_manager,test_execution
GDP-STD-1849 - DARK THEME ON POLICY SET PAGE ;Story;;;;;;;FALSE;FALSE;FALSE;FALSE;FALSE;policy_manager,test_execution
GDP-STD-1850 - DARK THEME ON ACCESS CONTROL LIST PAGE ;Story;;;;;;;FALSE;FALSE;FALSE;FALSE;FALSE;policy_manager,test_execution
GDP-STD-1852 - LIST SECURE ENTITIES OF AN APPLICATION REGISTERED ON GDP REGISTRY WHEN THE APPLICATION IS DOWN VIA API;Story;;;;;;;FALSE;FALSE;FALSE;FALSE;FALSE;policy_manager,test_execution
GDP-STD-1853 - LIST SECURE ENTITES IS NOT ALLOWED FOR UNREGISTERED APPLICATIONS IN THE GDP REGISTRY VIA API;Story;;;;;;;FALSE;FALSE;FALSE;FALSE;FALSE;policy_manager,test_execution
GDP-STD-1854 - LIST SECURE ENTITIES OF AN APPLICATION WHEN GDP REGISTRY IS DOWN VIA API;Story;;;;;;;FALSE;FALSE;FALSE;FALSE;FALSE;policy_manager,test_execution
GDP-STD-1855 - ADD AN ACCESS CONTROL LIST TO A POLICY USING ENDPOINT /POLICY-SETS VIA API;Story;;;;;;;FALSE;FALSE;FALSE;FALSE;FALSE;policy_manager,test_execution
GDP-STD-1856 - REMOVE AN ACCESS CONTROL LIST FROM A POLICY ENDPOINT /POLICY-SETS VIA API;Story;;;;;;;FALSE;FALSE;FALSE;FALSE;FALSE;policy_manager,test_execution
GDP-STD-1862 - EDIT POLICY ;Story;;;;;;;FALSE;FALSE;FALSE;FALSE;FALSE;policy_manager,test_execution
GDP-STD-1903 - CANNOT ADD A COMMENT TO AN ALARM WITHOUT THE REQUIRED DATA VIA API;Story;;;;;;;FALSE;FALSE;FALSE;FALSE;FALSE;alarm_manager,test_execution
GDP-STD-1904 - CANNOT CREATE A COMMENT FOR A NON-EXISTENT ALARM VIA API;Story;;;;;;;FALSE;FALSE;FALSE;FALSE;FALSE;alarm_manager,test_execution
GDP-STD-1906 - USER WITHOUT PREMISSIONS CANNOT CREATE COMMENTS;Story;;;;;;;FALSE;FALSE;FALSE;FALSE;FALSE;alarm_manager,test_execution
GDP-STD-1909 - EDIT A COMMENT VIA API;Story;;;;;;;FALSE;FALSE;FALSE;FALSE;FALSE;alarm_manager,test_execution
GDP-STD-1910 - CANNOT EDIT A COMMENT WHEN AN ALARM IS IN THE ACKNOWLEGED STATE.;Story;;;;;;;FALSE;FALSE;FALSE;FALSE;FALSE;alarm_manager,test_execution
GDP-STD-1911 - CANNOT UPDATE ALARMID OF A COMMENT;Story;;;;;;;FALSE;FALSE;FALSE;FALSE;FALSE;alarm_manager,test_execution
GDP-STD-1912 - DELETE A COMMENT VIA API;Story;;;;;;;FALSE;FALSE;FALSE;FALSE;FALSE;alarm_manager,test_execution
GDP-STD-1914 - CREATE SUB-SYSTEMS BY CONFIGURATION WITHOUT REQUIRED DATA;Story;;;;;;;FALSE;FALSE;FALSE;FALSE;FALSE;alarm_manager,test_execution
GDP-STD-1915 - CANNOT CREATE A SUB-SYSTEM WITHOUT BOTH NAME TEXT ID AND NAME;Story;;;;;;;FALSE;FALSE;FALSE;FALSE;FALSE;alarm_manager,test_execution
GDP-STD-1916 - CREATE SUB-SYSTEM  - CONSIDER THE VALUE OF THE NAME TEXT ID FROM INTERNATIONALIZATION MANAGER;Story;;;;;;;FALSE;FALSE;FALSE;FALSE;FALSE;alarm_manager,test_execution
GDP-STD-1917 - CREATE SUB-SYSTEM - DO NOT CONSIDER THE VALUE OF THE NAME TEXT ID FROM INTERNATIONALIZATION MANAGER;Story;;;;;;;FALSE;FALSE;FALSE;FALSE;FALSE;alarm_manager,test_execution
GDP-STD-1918 - CREATE SUB-SYSTEM WITH INTERNATIONALIZATION MANAGER DOWN AND THE FIELD  NAME TEXT ID IS FILLED;Story;;;;;;;FALSE;FALSE;FALSE;FALSE;FALSE;alarm_manager,test_execution
GDP-STD-1919 - CREATE SUB-SYSTEM WITH INTERNATIONALIZATION MANAGER IS DOWN AND THE FIELD NAME IS FILLED;Story;;;;;;;FALSE;FALSE;FALSE;FALSE;FALSE;alarm_manager,test_execution
GDP-STD-1921 - SUB-SYSTEMS HAVE A UNIQUE COMBINATION OF NAMESPACE AND CODE;Story;;;;;;;FALSE;FALSE;FALSE;FALSE;FALSE;alarm_manager,test_execution
GDP-STD-1922 - MODIFY A SUB-SYSTEM;Story;;;;;;;FALSE;FALSE;FALSE;FALSE;FALSE;alarm_manager,test_execution
GDP-STD-1923 - LIST SUB-SYSTEMS BY LOCALE;Story;;;;;;;FALSE;FALSE;FALSE;FALSE;FALSE;alarm_manager,test_execution
GDP-STD-1924 - CREATE AN ALARM STATUS;Story;;;;;;;FALSE;FALSE;FALSE;FALSE;FALSE;alarm_manager,test_execution
GDP-STD-1925 - CREATE A SEVERITY VIA API;Story;;;;;;;FALSE;FALSE;FALSE;FALSE;FALSE;alarm_manager,test_execution
GDP-STD-1926 - CREATE A SEVERITY WITHOUT REQUIRED DATA VIA API;Story;;;;;;;FALSE;FALSE;FALSE;FALSE;FALSE;alarm_manager,test_execution
GDP-STD-1927 - CREATE A SEVERITY USING A NAME TEXT ID FROM INTERNATIONALIZATION MANAGER VIA API;Story;;;;;;;FALSE;FALSE;FALSE;FALSE;FALSE;alarm_manager,test_execution
GDP-STD-1928 - CREATE A SEVERITY USING THE NAME FIELD VIA API;Story;;;;;;;FALSE;FALSE;FALSE;FALSE;FALSE;alarm_manager,test_execution
GDP-STD-1929 - CREATE A SEVERITY USING THE NAME TEXT ID WITH THE INTERNATIONALIZATION MANAGER DOWN VIA API;Story;;;;;;;FALSE;FALSE;FALSE;FALSE;FALSE;alarm_manager,test_execution
GDP-STD-1930 - CREATE A SEVERITY USING THE NAME FIELD WITH THE INTERNATIONALIZATION MANAGER DOWN VIA AP;Story;;;;;;;FALSE;FALSE;FALSE;FALSE;FALSE;alarm_manager,test_execution
GDP-STD-1932 - SEVERITIES HAVE UNIQUE NAMESPACE/CODE COMBINATIONS VIA API;Story;;;;;;;FALSE;FALSE;FALSE;FALSE;FALSE;alarm_manager,test_execution
GDP-STD-1933 - LIST ALL SEVERITIES VIA API;Story;;;;;;;FALSE;FALSE;FALSE;FALSE;FALSE;alarm_manager,test_execution
GDP-STD-1934 - LIST BY LOCALE VIA API;Story;;;;;;;FALSE;FALSE;FALSE;FALSE;FALSE;alarm_manager,test_execution
GDP-STD-1935 - MODIFY A SEVERITY VIA API;Story;;;;;;;FALSE;FALSE;FALSE;FALSE;FALSE;alarm_manager,test_execution
GDP-STD-1936 - CREATE A FUNCTIONAL CATEGORY VIA API;Story;;;;;;;FALSE;FALSE;FALSE;FALSE;FALSE;alarm_manager,test_execution
GDP-STD-1937 - CANNOT TO CREATE A FUNCTIONAL CATEGORY WITHOUT THE REQUIRED DATA VIA API;Story;;;;;;;FALSE;FALSE;FALSE;FALSE;FALSE;alarm_manager,test_execution
GDP-STD-1939 - CREATE A FUNCTIONAL CATEGORY USING THE NAME FIELD VIA API;Story;;;;;;;FALSE;FALSE;FALSE;FALSE;FALSE;alarm_manager,test_execution
GDP-STD-1940 - REATE A FUNCIONAL CATEGORY USING THE NAME TEXT ID AND HAVING THE INTERNATIONALIZATION MANAGER DOWN VIA API;Story;;;;;;;FALSE;FALSE;FALSE;FALSE;FALSE;alarm_manager,test_execution
GDP-STD-1941 - CREATE A FUNCIONAL CATEGORY USING THE NAME FIELD AND HAVING THE INTERNATIONALIZATION MANAGER DOWN VIA API;Story;;;;;;;FALSE;FALSE;FALSE;FALSE;FALSE;alarm_manager,test_execution
GDP-STD-1942 - FUNCTIONAL CATEGORIES HAVE UNIQUE NAMESPACE/CODE COMBINATIONS VIA API;Story;;;;;;;FALSE;FALSE;FALSE;FALSE;FALSE;alarm_manager,test_execution
GDP-STD-1943 - LIST A FUNCTIONAL CATEGORY BY LOCALE VIA API;Story;;;;;;;FALSE;FALSE;FALSE;FALSE;FALSE;alarm_manager,test_execution
GDP-STD-1944 - LIST ALL FUNCTIONAL CATEGORIES VIA API;Story;;;;;;;FALSE;FALSE;FALSE;FALSE;FALSE;alarm_manager,test_execution
GDP-STD-1945 - MODIFY A FUNCTIONAL CATEGORY VIA API;Story;;;;;;;FALSE;FALSE;FALSE;FALSE;FALSE;alarm_manager,test_execution
GDP-STD-1947 - CANNOT CREATE AN ALARM ACTION WITHOUT REQUIRED DATA VIA API;Story;;;;;;;FALSE;FALSE;FALSE;FALSE;FALSE;alarm_manager,test_execution
GDP-STD-1948 - CANNOT CREATE AN ALARM ACTION FOR A SUB-SYSTEM WITH A DIFFERENT NAMESPACE VIA API;Story;;;;;;;FALSE;FALSE;FALSE;FALSE;FALSE;alarm_manager,test_execution
GDP-STD-1949 - CREATE AN ALARM ACTION USING THE NAME TEXT ID FROM INTERNATIONALIZATION MANAGER VIA API;Story;;;;;;;FALSE;FALSE;FALSE;FALSE;FALSE;alarm_manager,test_execution
GDP-STD-1950 - CREATE AN ALARM ACTION USING THE NAME FIELD VIA API;Story;;;;;;;FALSE;FALSE;FALSE;FALSE;FALSE;alarm_manager,test_execution
GDP-STD-1951 - CREATE AN ALARM ACTION USING THE NAME TEXT ID AND HAVING THE INTERNATIONALIZATION MANAGER DOWN VIA API;Story;;;;;;;FALSE;FALSE;FALSE;FALSE;FALSE;alarm_manager,test_execution
GDP-STD-1952 - CREATE AN ALARM ACTION USING THE NAME FIELD AND HAVING THE INTERNATIONALIZATION MANAGER DOWN VIA API;Story;;;;;;;FALSE;FALSE;FALSE;FALSE;FALSE;alarm_manager,test_execution
GDP-STD-1953 - LIST ALARM ACTIONS BY LOCALE VIA API;Story;;;;;;;FALSE;FALSE;FALSE;FALSE;FALSE;alarm_manager,test_execution
GDP-STD-1954 - LIST ALL ALARM ACTIONS VIA API;Story;;;;;;;FALSE;FALSE;FALSE;FALSE;FALSE;alarm_manager,test_execution
GDP-STD-1955 - ALARM ACTION HAVE A UNIQUE NAMESPACE/CODE COMBINATION;Story;;;;;;;FALSE;FALSE;FALSE;FALSE;FALSE;alarm_manager,test_execution
GDP-STD-1956 - MODIFY AN ALARM ACTION VIA API;Story;;;;;;;FALSE;FALSE;FALSE;FALSE;FALSE;alarm_manager,test_execution
GDP-STD-1957 - CREATE ALARM TYPE VIA API;Story;;;;;;;FALSE;FALSE;FALSE;FALSE;FALSE;alarm_manager,test_execution
GDP-STD-1958 - CANNOT CREATE AN ALARM TYPE WITHOUT REQUIRED DATA VIA API;Story;;;;;;;FALSE;FALSE;FALSE;FALSE;FALSE;alarm_manager,test_execution
GDP-STD-1959 - CREATE AN ALARM TYPE USING A NAME TEXT ID FROM INTERNATIONALIZATION MANAGER VIA API;Story;;;;;;;FALSE;FALSE;FALSE;FALSE;FALSE;alarm_manager,test_execution
GDP-STD-1960 - CREATE AN ALARM TYPE USING THE NAME FIELD VIA API;Story;;;;;;;FALSE;FALSE;FALSE;FALSE;FALSE;alarm_manager,test_execution
GDP-STD-1961 - CREATE ALARM TYPE USING THE NAME TEXT ID AND HAVING THE INTERNATIONALIZATION MANAGER DOWN VIA API;Story;;;;;;;FALSE;FALSE;FALSE;FALSE;FALSE;alarm_manager,test_execution
GDP-STD-1962 - CREATE ALARM TYPE USING THE NAME FIELD AND HAVING THE INTERNATIONALIZATION MANAGER DOWN VIA API;Story;;;;;;;FALSE;FALSE;FALSE;FALSE;FALSE;alarm_manager,test_execution
GDP-STD-1963 - CREATE AN ALARM TYPE USING THE DESCRIPTION TEXT ID FROM INTERNATIONALIZATION MANAGER VIA API;Story;;;;;;;FALSE;FALSE;FALSE;FALSE;FALSE;alarm_manager,test_execution
GDP-STD-1964 - CREATE ALARM TYPE USING THE DESCRIPTION FIELD VIA API;Story;;;;;;;FALSE;FALSE;FALSE;FALSE;FALSE;alarm_manager,test_execution
GDP-STD-1965 - CREATE AN ALARM TYPE USING THE DESCRIPTION TEXT ID AND HAVING THE INTERNATIONALIZATION MANAGER DOWN VIA API;Story;;;;;;;FALSE;FALSE;FALSE;FALSE;FALSE;alarm_manager,test_execution
GDP-STD-1966 - CREATE ALARM TYPE USING THE DESCRIPTION FIELD AND HAVING THE INTERNATIONALIZATION MANAGER DOWN VIA API;Story;;;;;;;FALSE;FALSE;FALSE;FALSE;FALSE;alarm_manager,test_execution
GDP-STD-1967 - CREATE AN ALARM TYPE USING THE CATEGORY TEXT ID FROM INTERNATIONALIZATION MANAGER VIA API;Story;;;;;;;FALSE;FALSE;FALSE;FALSE;FALSE;alarm_manager,test_execution
GDP-STD-1968 - CREATE ALARM TYPE USING THE CATEGORY FIELD VIA API;Story;;;;;;;FALSE;FALSE;FALSE;FALSE;FALSE;alarm_manager,test_execution
GDP-STD-1969 - CREATE AN ALARM TYPE USING THE CATEGORY TEXT ID AND HAVING THE INTERNATIONALIZATION MANAGER DOWN VIA API;Story;;;;;;;FALSE;FALSE;FALSE;FALSE;FALSE;alarm_manager,test_execution
GDP-STD-1970 - CREATE AN ALARM TYPE USING THE CATEGORY FIELD AND HAVING THE INTERNATIONALIZATION MANAGER DOWN VIA API;Story;;;;;;;FALSE;FALSE;FALSE;FALSE;FALSE;alarm_manager,test_execution
GDP-STD-1971 - CANNOT CREATE AN ALARM TYPE USING A SEVERITY FROM A DIFFERENT NAMESPACE VIA API;Story;;;;;;;FALSE;FALSE;FALSE;FALSE;FALSE;alarm_manager,test_execution
GDP-STD-1972 - CANNOT CREATE AN ALARM TYPE USING A FUNCTIONAL CATEGORY FROM A DIFFERENT NAMESPACE VIA API;Story;;;;;;;FALSE;FALSE;FALSE;FALSE;FALSE;alarm_manager,test_execution
GDP-STD-1973 - CANNOT CREATE AN ALARM TYPE USING A SUB-SYSTEM FROM A DIFFERENT NAMESPACE VIA API;Story;;;;;;;FALSE;FALSE;FALSE;FALSE;FALSE;alarm_manager,test_execution
GDP-STD-1974 - LIST ALARM TYPES BY LOCALE VIA API;Story;;;;;;;FALSE;FALSE;FALSE;FALSE;FALSE;alarm_manager,test_execution
GDP-STD-1975 - LIST ALL ALARM TYPES VIA API;Story;;;;;;;FALSE;FALSE;FALSE;FALSE;FALSE;alarm_manager,test_execution
GDP-STD-1976 - ALARM TYPE HAS A UNIQUE NAMESPACE/CODE COMBINATION;Story;;;;;;;FALSE;FALSE;FALSE;FALSE;FALSE;alarm_manager,test_execution
GDP-STD-1977 - MODIFY AN ALARM TYPE VIA API;Story;;;;;;;FALSE;FALSE;FALSE;FALSE;FALSE;alarm_manager,test_execution
GDP-STD-1978 - ALARM INFORM - ALARM CREATION INFORM TO NORMAL VIA API;Story;;;;;;;FALSE;FALSE;FALSE;FALSE;FALSE;alarm_manager,test_execution
GDP-STD-1984 - ALARM DOACTION - SHELVE VIA API;Story;;;;;;;FALSE;FALSE;FALSE;FALSE;FALSE;alarm_manager,test_execution
GDP-STD-1985 - ALARM DOACTION - UNSHELVE (RETURN TO NORMAL) VIA API;Story;;;;;;;FALSE;FALSE;FALSE;FALSE;FALSE;alarm_manager,test_execution
GDP-STD-1986 - ALARM DOACTION - UNSHELVE (RETURN TO ACTIVE) VIA API;Story;;;;;;;FALSE;FALSE;FALSE;FALSE;FALSE;alarm_manager,test_execution
GDP-STD-1987 - ALARM DOACTION - ACKNOWLEDGE VIA API;Story;;;;;;;FALSE;FALSE;FALSE;FALSE;FALSE;alarm_manager,test_execution
GDP-STD-1988 - ALARM DOACTION - UNACKNOWLEDGE VIA API;Story;;;;;;;FALSE;FALSE;FALSE;FALSE;FALSE;alarm_manager,test_execution
GDP-STD-1989 - ALARM AUTOCLEAR VIA API;Story;;;;;;;FALSE;FALSE;FALSE;FALSE;FALSE;alarm_manager,test_execution
GDP-STD-1990 - CREATE AN ALARM USING A DESCRIPTION TEXT ID FROM INTERNATIONALIZATION MANAGER VIA API;Story;;;;;;;FALSE;FALSE;FALSE;FALSE;FALSE;alarm_manager,test_execution
GDP-STD-1991 - CREATE AN ALARM USING THE DESCRIPTION FIELD VIA API ;Story;;;;;;;FALSE;FALSE;FALSE;FALSE;FALSE;alarm_manager,test_execution
GDP-STD-1992 - CREATE ALARM USING THE DESCRIPTION TEXT ID AND HAVING THE INTERNATIONALIZATION MANAGER DOWN VIA API;Story;;;;;;;FALSE;FALSE;FALSE;FALSE;FALSE;alarm_manager,test_execution
GDP-STD-1993 - CREATE ALARM USING THE DESCRIPTION FIELD AND HAVING THE INTERNATIONALIZATION MANAGER DOWN VIA API;Story;;;;;;;FALSE;FALSE;FALSE;FALSE;FALSE;alarm_manager,test_execution
GDP-STD-1994 - CREATE ALARM USING THE DESCRIPTION TEXT ID FIELD FALLBACK OF THE ALARM TYPE VIA API                ;Story;;;;;;;FALSE;FALSE;FALSE;FALSE;FALSE;alarm_manager,test_execution
GDP-STD-1995 - CREATE ALARM USING THE DESCRIPTION TEXT ID FIELD FALLBACK OF THE ALARM TYPE AND HAVING THE INTERNATIONALIZATION MANAGER DOWN VIA API    ;Story;;;;;;;FALSE;FALSE;FALSE;FALSE;FALSE;alarm_manager,test_execution
GDP-STD-1996 - CREATE ALARM USING THE DESCRIPTION FIELD FALLBACK OF THE ALARM TYPE AND HAVING THE INTERNATIONALIZATION MANAGER DOWN VIA API         ;Story;;;;;;;FALSE;FALSE;FALSE;FALSE;FALSE;alarm_manager,test_execution
GDP-STD-1997 - CREATE ALARM USING THE DESCRIPTION FIELD FALLBACK OF THE ALARM TYPE VIA API  ;Story;;;;;;;FALSE;FALSE;FALSE;FALSE;FALSE;alarm_manager,test_execution
GDP-STD-1998 - CREATE ALARM USING THE SEVERITY FIELD FALLBACK OF THE ALARM TYPE VIA API ;Story;;;;;;;FALSE;FALSE;FALSE;FALSE;FALSE;alarm_manager,test_execution
GDP-STD-1999 - CREATE ALARM USING THE SUB-SYSTEM FIELD FALLBACK OF THE ALARM TYPE VIA API;Story;;;;;;;FALSE;FALSE;FALSE;FALSE;FALSE;alarm_manager,test_execution
GDP-STD-19100 - CREATE ALARM USING THE SUB-SYSTEM FIELD VIA AP;Story;;;;;;;FALSE;FALSE;FALSE;FALSE;FALSE;alarm_manager,test_execution
GDP-STD-19101 - CREATE ALARM USING THE SEVERITY FIELD VIA API;Story;;;;;;;FALSE;FALSE;FALSE;FALSE;FALSE;alarm_manager,test_execution
GDP-STD-19102 - CANNOT CREATE AN ALARM USING A SEVERITY FROM A DIFFERENT NAMESPACE VIA API ;Story;;;;;;;FALSE;FALSE;FALSE;FALSE;FALSE;alarm_manager,test_execution
GDP-STD-19103 - CANNOT CREATE AN ALARM USING A SUB-SYSTEM FROM A DIFFERENT NAMESPACE VIA API ;Story;;;;;;;FALSE;FALSE;FALSE;FALSE;FALSE;alarm_manager,test_execution
GDP-STD-19104 - CANNOT CREATE AN ALARM USING A ALARM TYPE FROM A DIFFERENT NAMESPACE VIA API  ;Story;;;;;;;FALSE;FALSE;FALSE;FALSE;FALSE;alarm_manager,test_execution
GDP-STD-19105 - CANNOT CREATE AN ALARM USING AN ORIGIN FIELD DIFFERENT THE WAYSIDE/ONBOARD/NULL VIA API ;Story;;;;;;;FALSE;FALSE;FALSE;FALSE;FALSE;alarm_manager,test_execution
GDP-STD-19107 - CANNOT MODIFY THE NAMESPACE AND CODE OF AN ALARM VIA API ;Story;;;;;;;FALSE;FALSE;FALSE;FALSE;FALSE;alarm_manager,test_execution
GDP-STD-19108 - CANNOT MODIFY THE ALARM TYPE OF AN ALARM VIA API ;Story;;;;;;;FALSE;FALSE;FALSE;FALSE;FALSE;alarm_manager,test_execution
GDP-STD-19109 - REMOVE THE DESCRIPTION TEXT ID AN ALARM AND USING DESCRIPTION FIELD VIA API;Story;;;;;;;FALSE;FALSE;FALSE;FALSE;FALSE;alarm_manager,test_execution
GDP-STD-19110 - REMOVE THE DESCRIPTION FIELD AN ALARM AND USING DESCRIPTION TEXT ID FIELD VIA API;Story;;;;;;;FALSE;FALSE;FALSE;FALSE;FALSE;alarm_manager,test_execution
GDP-STD-19111 - REMOVE THE SEVERITY AN ALARM AND USING FALLBACK SEVERITY OF THE ALARM TYPE VIA API;Story;;;;;;;FALSE;FALSE;FALSE;FALSE;FALSE;alarm_manager,test_execution
GDP-STD-19112 - REMOVE THE DESCRIPTION FIELD AN ALARM AND USING FALLBACK DESCRIPTION OF THE ALARM TYPE VIA API;Story;;;;;;;FALSE;FALSE;FALSE;FALSE;FALSE;alarm_manager,test_execution
GDP-STD-19113 - REMOVE THE DESCRIPTION TEX ID FIELD AN ALARM AND USING FALLBACK DESCRIPTION OF THE ALARM TYPE VIA API;Story;;;;;;;FALSE;FALSE;FALSE;FALSE;FALSE;alarm_manager,test_execution
GDP-STD-19114 - REMOVE THE SUBSYTEM FIELD AN ALARM AND USING FALLBACK SUBSYTEM OF THE ALARM TYPE VIA API;Story;;;;;;;FALSE;FALSE;FALSE;FALSE;FALSE;alarm_manager,test_execution
GDP-STD-19115 - ADD DESCRIPTION TEXT ID AN ALARM AND USE THAT VIA API;Story;;;;;;;FALSE;FALSE;FALSE;FALSE;FALSE;alarm_manager,test_execution
GDP-STD-19116 - ADD DESCRIPTION AN ALARM AND USE THAT VIA API;Story;;;;;;;FALSE;FALSE;FALSE;FALSE;FALSE;alarm_manager,test_execution
GDP-STD-19117 - ADD SEVERITY AN ALARM AND USE THAT VIA API;Story;;;;;;;FALSE;FALSE;FALSE;FALSE;FALSE;alarm_manager,test_execution
GDP-STD-19118 - ADD SUB-SYSTEM AN ALARM AND USE THAT VIA API;Story;;;;;;;FALSE;FALSE;FALSE;FALSE;FALSE;alarm_manager,test_execution
GDP-STD-19119 - CREATE AN ALARM WITH WAYSIDE ORIGIN VIA API;Story;;;;;;;FALSE;FALSE;FALSE;FALSE;FALSE;alarm_manager,test_execution
GDP-STD-19120 - CREATE AN ALARM WITH ONBOARD ORIGIN VIA API;Story;;;;;;;FALSE;FALSE;FALSE;FALSE;FALSE;alarm_manager,test_execution
GDP-STD-19121 - CREATE AN ALARM WITH NULL ORIGIN VIA API;Story;;;;;;;FALSE;FALSE;FALSE;FALSE;FALSE;alarm_manager,test_execution
GDP-STD-19123 - LIST ALARMS BY LOCALE VIA API;Story;;;;;;;FALSE;FALSE;FALSE;FALSE;FALSE;alarm_manager,test_execution
GDP-STD-19125 - ALARM DETAILS ;Story;;;;;;;FALSE;FALSE;FALSE;FALSE;FALSE;alarm_manager,test_execution
GDP-STD-19131 - USERS CANNOT CREATE ALARMS WHEN NO POLICY-SET IS DEFINED AND POLICY CHECK IS ENABLED;Story;;;;;;;FALSE;FALSE;FALSE;FALSE;FALSE;alarm_manager,test_execution
GDP-STD-19132 - USERS CANNOT CREATE ALARMS WHEN NO POLICIES ARE DEFINED AND POLICY CHECK IS ENABLED;Story;;;;;;;FALSE;FALSE;FALSE;FALSE;FALSE;alarm_manager,test_execution
GDP-STD-19135 - USER IS BOUNDED TO ACL PERMISSIONS - PARTIAL PERMISSIONS ACTIVE;Story;;;;;;;FALSE;FALSE;FALSE;FALSE;FALSE;alarm_manager,test_execution
GDP-STD-19136 - CREATE NA ALARM WITH CONTRADICTORY CONDITIONS;Story;;;;;;;FALSE;FALSE;FALSE;FALSE;FALSE;alarm_manager,test_execution
GDP-STD-19137 - ALL USERS CAN CREATE ALARMS WHEN THE POLICY MANAGER IS DOWN  (DEFAULT) ;Story;;;;;;;FALSE;FALSE;FALSE;FALSE;FALSE;alarm_manager,test_execution
GDP-STD-19138 - USERS CANNOT CREATE ALARMS WHEN THE POLICY MANAGER IS DOWN AND POLICY CHECK IS ENABLED;Story;;;;;;;FALSE;FALSE;FALSE;FALSE;FALSE;alarm_manager,test_execution
GDP-STD-19139 - ALL USERS CAN CREATE ALARMS WHEN THE POLICY SET IS DELETED (DEFAULT) ;Story;;;;;;;FALSE;FALSE;FALSE;FALSE;FALSE;alarm_manager,test_execution
GDP-STD-19140 - USERS CANNOT CREATE ALARMS WHEN THE POLICY SET IS DELETED AND POLICY CHECK IS ENABLED;Story;;;;;;;FALSE;FALSE;FALSE;FALSE;FALSE;alarm_manager,test_execution
